,Email_ID,Subject,Body,Category,Cleaned_Subject,Cleaned_Body,combined_text
0,1,Sale on Electronics,Get 50% off on all electronics today!,Spam,"['sale', 'on', 'electronics']","['get', 'off', 'on', 'all', 'electronics', 'today']",sale on electronics get off on all electronics today
1,2,Meeting Reminder,Don’t forget the team meeting tomorrow at 10 AM.,Important,"['meeting', 'reminder']","['don’t', 'forget', 'the', 'team', 'meeting', 'tomorrow', 'at', 'am']",meeting reminder don’t forget the team meeting tomorrow at am
2,3,Win a Free Vacation,Claim your free vacation now! Click here!,Spam,"['win', 'a', 'free', 'vacation']","['claim', 'your', 'free', 'vacation', 'now', 'click', 'here']",win a free vacation claim your free vacation now click here
3,4,Project Update,The latest project update is available on the intranet.,Important,"['project', 'update']","['the', 'latest', 'project', 'update', 'is', 'available', 'on', 'the', 'intranet']",project update the latest project update is available on the intranet
4,5,Discount Offer,Exclusive 30% discount on your next purchase!,Spam,"['discount', 'offer']","['exclusive', 'discount', 'on', 'your', 'next', 'purchase']",discount offer exclusive discount on your next purchase
5,6,Job Application Follow-Up,We have reviewed your application and will get back to you soon.,Important,"['job', 'application', 'followup']","['we', 'have', 'reviewed', 'your', 'application', 'and', 'will', 'get', 'back', 'to', 'you', 'soon']",job application followup we have reviewed your application and will get back to you soon
6,7,Free Gift Card,Win a $100 gift card by participating in our survey!,Spam,"['free', 'gift', 'card']","['win', 'a', 'gift', 'card', 'by', 'participating', 'in', 'our', 'survey']",free gift card win a gift card by participating in our survey
7,8,Client Feedback Request,Please provide feedback on our recent service.,Important,"['client', 'feedback', 'request']","['please', 'provide', 'feedback', 'on', 'our', 'recent', 'service']",client feedback request please provide feedback on our recent service
8,9,Special Promotion,Don’t miss out on our special promotion this weekend!,Spam,"['special', 'promotion']","['don’t', 'miss', 'out', 'on', 'our', 'special', 'promotion', 'this', 'weekend']",special promotion don’t miss out on our special promotion this weekend
9,10,Your Invoice is Ready,Your invoice for last month is available for download.,Important,"['your', 'invoice', 'is', 'ready']","['your', 'invoice', 'for', 'last', 'month', 'is', 'available', 'for', 'download']",your invoice is ready your invoice for last month is available for download
10,11,Final Notice: Payment Due,This is a final notice regarding your overdue payment.,Spam,"['final', 'notice', 'payment', 'due']","['this', 'is', 'a', 'final', 'notice', 'regarding', 'your', 'overdue', 'payment']",final notice payment due this is a final notice regarding your overdue payment
11,12,Upcoming Webinar,Join our upcoming webinar on data science trends.,Important,"['upcoming', 'webinar']","['join', 'our', 'upcoming', 'webinar', 'on', 'data', 'science', 'trends']",upcoming webinar join our upcoming webinar on data science trends
12,13,Congratulations,You’ve won a prize! Contact us to claim it.,Spam,['congratulations'],"['you’ve', 'won', 'a', 'prize', 'contact', 'us', 'to', 'claim', 'it']",congratulations you’ve won a prize contact us to claim it
13,14,Annual Report,Please review the annual financial report attached.,Important,"['annual', 'report']","['please', 'review', 'the', 'annual', 'financial', 'report', 'attached']",annual report please review the annual financial report attached
14,15,Limited Time Offer,Act now to get 40% off on all items!,Spam,"['limited', 'time', 'offer']","['act', 'now', 'to', 'get', 'off', 'on', 'all', 'items']",limited time offer act now to get off on all items
15,16,Your Application Status,We have received your application and are reviewing it.,Important,"['your', 'application', 'status']","['we', 'have', 'received', 'your', 'application', 'and', 'are', 'reviewing', 'it']",your application status we have received your application and are reviewing it
16,17,Special Sale Event,Join our special sale event and save big!,Spam,"['special', 'sale', 'event']","['join', 'our', 'special', 'sale', 'event', 'and', 'save', 'big']",special sale event join our special sale event and save big
17,18,Security Alert,We have detected unusual activity on your account.,Important,"['security', 'alert']","['we', 'have', 'detected', 'unusual', 'activity', 'on', 'your', 'account']",security alert we have detected unusual activity on your account
18,19,Reminder: Payment Due,Your payment is due soon. Please make it by the due date.,Spam,"['reminder', 'payment', 'due']","['your', 'payment', 'is', 'due', 'soon', 'please', 'make', 'it', 'by', 'the', 'due', 'date']",reminder payment due your payment is due soon please make it by the due date
19,20,Product Launch,We’re excited to announce the launch of our new product!,Important,"['product', 'launch']","['we’re', 'excited', 'to', 'announce', 'the', 'launch', 'of', 'our', 'new', 'product']",product launch we’re excited to announce the launch of our new product
20,21,Important Update on Your Account,We have updated the terms of your account.,Important,"['important', 'update', 'on', 'your', 'account']","['we', 'have', 'updated', 'the', 'terms', 'of', 'your', 'account']",important update on your account we have updated the terms of your account
21,22,Get Rich Quick Scheme,Make money fast with our new investment scheme!,Spam,"['get', 'rich', 'quick', 'scheme']","['make', 'money', 'fast', 'with', 'our', 'new', 'investment', 'scheme']",get rich quick scheme make money fast with our new investment scheme
22,23,Meeting Confirmation,Your meeting has been confirmed for next Wednesday.,Important,"['meeting', 'confirmation']","['your', 'meeting', 'has', 'been', 'confirmed', 'for', 'next', 'wednesday']",meeting confirmation your meeting has been confirmed for next wednesday
23,24,Exclusive Deals Just for You,Check out these exclusive deals available today!,Spam,"['exclusive', 'deals', 'just', 'for', 'you']","['check', 'out', 'these', 'exclusive', 'deals', 'available', 'today']",exclusive deals just for you check out these exclusive deals available today
24,25,Monthly Newsletter,Here is our monthly newsletter with updates and news.,Important,"['monthly', 'newsletter']","['here', 'is', 'our', 'monthly', 'newsletter', 'with', 'updates', 'and', 'news']",monthly newsletter here is our monthly newsletter with updates and news
25,26,Work from Home Opportunities,Explore work from home job opportunities with us!,Spam,"['work', 'from', 'home', 'opportunities']","['explore', 'work', 'from', 'home', 'job', 'opportunities', 'with', 'us']",work from home opportunities explore work from home job opportunities with us
26,27,Customer Satisfaction Survey,Please fill out this survey to help us improve our service.,Important,"['customer', 'satisfaction', 'survey']","['please', 'fill', 'out', 'this', 'survey', 'to', 'help', 'us', 'improve', 'our', 'service']",customer satisfaction survey please fill out this survey to help us improve our service
27,28,Limited Time Offer on Insurance,Get a 20% discount on insurance plans for a limited time!,Spam,"['limited', 'time', 'offer', 'on', 'insurance']","['get', 'a', 'discount', 'on', 'insurance', 'plans', 'for', 'a', 'limited', 'time']",limited time offer on insurance get a discount on insurance plans for a limited time
28,29,New Feature Release,We’ve released a new feature on our platform.,Important,"['new', 'feature', 'release']","['we’ve', 'released', 'a', 'new', 'feature', 'on', 'our', 'platform']",new feature release we’ve released a new feature on our platform
29,30,Get a Free Trial,Sign up today to get a free trial of our new software.,Spam,"['get', 'a', 'free', 'trial']","['sign', 'up', 'today', 'to', 'get', 'a', 'free', 'trial', 'of', 'our', 'new', 'software']",get a free trial sign up today to get a free trial of our new software
30,31,Project Deadline Reminder,Reminder: The deadline for the project is approaching.,Important,"['project', 'deadline', 'reminder']","['reminder', 'the', 'deadline', 'for', 'the', 'project', 'is', 'approaching']",project deadline reminder reminder the deadline for the project is approaching
31,32,Special Offer on Subscriptions,Enjoy 50% off on all subscriptions this weekend!,Spam,"['special', 'offer', 'on', 'subscriptions']","['enjoy', 'off', 'on', 'all', 'subscriptions', 'this', 'weekend']",special offer on subscriptions enjoy off on all subscriptions this weekend
32,33,Your Order has Shipped,Your recent order has been shipped and is on its way.,Important,"['your', 'order', 'has', 'shipped']","['your', 'recent', 'order', 'has', 'been', 'shipped', 'and', 'is', 'on', 'its', 'way']",your order has shipped your recent order has been shipped and is on its way
33,34,Big Sale on Home Appliances,Don’t miss our big sale on home appliances!,Spam,"['big', 'sale', 'on', 'home', 'appliances']","['don’t', 'miss', 'our', 'big', 'sale', 'on', 'home', 'appliances']",big sale on home appliances don’t miss our big sale on home appliances
34,35,Quarterly Performance Review,Your quarterly performance review is available.,Important,"['quarterly', 'performance', 'review']","['your', 'quarterly', 'performance', 'review', 'is', 'available']",quarterly performance review your quarterly performance review is available
35,36,Win a Free Laptop,Enter our contest to win a free laptop!,Spam,"['win', 'a', 'free', 'laptop']","['enter', 'our', 'contest', 'to', 'win', 'a', 'free', 'laptop']",win a free laptop enter our contest to win a free laptop
36,37,Webinar Registration Confirmation,Your registration for the webinar has been confirmed.,Important,"['webinar', 'registration', 'confirmation']","['your', 'registration', 'for', 'the', 'webinar', 'has', 'been', 'confirmed']",webinar registration confirmation your registration for the webinar has been confirmed
37,38,Free Sample Offer,Claim your free sample of our new product!,Spam,"['free', 'sample', 'offer']","['claim', 'your', 'free', 'sample', 'of', 'our', 'new', 'product']",free sample offer claim your free sample of our new product
38,39,Appointment Reminder,Reminder: Your appointment is scheduled for tomorrow.,Important,"['appointment', 'reminder']","['reminder', 'your', 'appointment', 'is', 'scheduled', 'for', 'tomorrow']",appointment reminder reminder your appointment is scheduled for tomorrow
39,40,Exclusive Event Invitation,You are invited to an exclusive event next week!,Spam,"['exclusive', 'event', 'invitation']","['you', 'are', 'invited', 'to', 'an', 'exclusive', 'event', 'next', 'week']",exclusive event invitation you are invited to an exclusive event next week
40,41,Your Credit Card Statement,Your latest credit card statement is now available.,Important,"['your', 'credit', 'card', 'statement']","['your', 'latest', 'credit', 'card', 'statement', 'is', 'now', 'available']",your credit card statement your latest credit card statement is now available
41,42,Job Opening: Marketing Manager,We are hiring a Marketing Manager. Apply now!,Spam,"['job', 'opening', 'marketing', 'manager']","['we', 'are', 'hiring', 'a', 'marketing', 'manager', 'apply', 'now']",job opening marketing manager we are hiring a marketing manager apply now
42,43,Company Policy Update,Review the updated company policies on the intranet.,Important,"['company', 'policy', 'update']","['review', 'the', 'updated', 'company', 'policies', 'on', 'the', 'intranet']",company policy update review the updated company policies on the intranet
43,44,Special Promo Code for You,Use this promo code for an extra 15% off your next order!,Spam,"['special', 'promo', 'code', 'for', 'you']","['use', 'this', 'promo', 'code', 'for', 'an', 'extra', 'off', 'your', 'next', 'order']",special promo code for you use this promo code for an extra off your next order
44,45,Upcoming Training Session,Join us for a training session on professional development.,Important,"['upcoming', 'training', 'session']","['join', 'us', 'for', 'a', 'training', 'session', 'on', 'professional', 'development']",upcoming training session join us for a training session on professional development
45,46,Seasonal Discount on Clothing,Enjoy seasonal discounts on all clothing items!,Spam,"['seasonal', 'discount', 'on', 'clothing']","['enjoy', 'seasonal', 'discounts', 'on', 'all', 'clothing', 'items']",seasonal discount on clothing enjoy seasonal discounts on all clothing items
46,47,Feedback on Recent Purchase,Please provide feedback on your recent purchase.,Important,"['feedback', 'on', 'recent', 'purchase']","['please', 'provide', 'feedback', 'on', 'your', 'recent', 'purchase']",feedback on recent purchase please provide feedback on your recent purchase
47,48,Flash Sale Today Only,Today only: Flash sale with up to 70% off!,Spam,"['flash', 'sale', 'today', 'only']","['today', 'only', 'flash', 'sale', 'with', 'up', 'to', 'off']",flash sale today only today only flash sale with up to off
48,49,Your Subscription Renewal Reminder,Your subscription is up for renewal next month.,Important,"['your', 'subscription', 'renewal', 'reminder']","['your', 'subscription', 'is', 'up', 'for', 'renewal', 'next', 'month']",your subscription renewal reminder your subscription is up for renewal next month
49,50,Free Webinar on Investment Tips,Register for our free webinar on investment strategies.,Spam,"['free', 'webinar', 'on', 'investment', 'tips']","['register', 'for', 'our', 'free', 'webinar', 'on', 'investment', 'strategies']",free webinar on investment tips register for our free webinar on investment strategies
50,51,Product Review Request,We’d appreciate your review of our latest product.,Important,"['product', 'review', 'request']","['we’d', 'appreciate', 'your', 'review', 'of', 'our', 'latest', 'product']",product review request we’d appreciate your review of our latest product
51,52,Limited-Time Flash Sale,Our flash sale is ending soon. Shop now!,Spam,"['limitedtime', 'flash', 'sale']","['our', 'flash', 'sale', 'is', 'ending', 'soon', 'shop', 'now']",limitedtime flash sale our flash sale is ending soon shop now
52,53,Your Recent Purchase Invoice,Download your invoice for the recent purchase.,Important,"['your', 'recent', 'purchase', 'invoice']","['download', 'your', 'invoice', 'for', 'the', 'recent', 'purchase']",your recent purchase invoice download your invoice for the recent purchase
53,54,Exclusive VIP Offer,As a VIP customer, enjoy this exclusive offer!,"['exclusive', 'vip', 'offer']","['as', 'a', 'vip', 'customer']",exclusive vip offer as a vip customer
54,55,Team Meeting Agenda,The agenda for tomorrow’s team meeting is attached.,Important,"['team', 'meeting', 'agenda']","['the', 'agenda', 'for', 'tomorrow’s', 'team', 'meeting', 'is', 'attached']",team meeting agenda the agenda for tomorrow’s team meeting is attached
55,56,Special Discounts for Subscribers,Check out these special discounts for our subscribers.,Spam,"['special', 'discounts', 'for', 'subscribers']","['check', 'out', 'these', 'special', 'discounts', 'for', 'our', 'subscribers']",special discounts for subscribers check out these special discounts for our subscribers
56,57,Account Security Alert,We detected a possible security issue with your account.,Important,"['account', 'security', 'alert']","['we', 'detected', 'a', 'possible', 'security', 'issue', 'with', 'your', 'account']",account security alert we detected a possible security issue with your account
57,58,Win a Free Vacation Package,Enter now for a chance to win a free vacation package!,Spam,"['win', 'a', 'free', 'vacation', 'package']","['enter', 'now', 'for', 'a', 'chance', 'to', 'win', 'a', 'free', 'vacation', 'package']",win a free vacation package enter now for a chance to win a free vacation package
58,59,Monthly Account Summary,Your monthly account summary is available.,Important,"['monthly', 'account', 'summary']","['your', 'monthly', 'account', 'summary', 'is', 'available']",monthly account summary your monthly account summary is available
59,60,New Product Launch Announcement,We are excited to announce our new product launch!,Spam,"['new', 'product', 'launch', 'announcement']","['we', 'are', 'excited', 'to', 'announce', 'our', 'new', 'product', 'launch']",new product launch announcement we are excited to announce our new product launch
60,51,Product Review Request,We’d appreciate your review of our latest product.,Important,"['product', 'review', 'request']","['we’d', 'appreciate', 'your', 'review', 'of', 'our', 'latest', 'product']",product review request we’d appreciate your review of our latest product
61,52,Limited-Time Flash Sale,Our flash sale is ending soon. Shop now!,Spam,"['limitedtime', 'flash', 'sale']","['our', 'flash', 'sale', 'is', 'ending', 'soon', 'shop', 'now']",limitedtime flash sale our flash sale is ending soon shop now
62,53,Your Recent Purchase Invoice,Download your invoice for the recent purchase.,Important,"['your', 'recent', 'purchase', 'invoice']","['download', 'your', 'invoice', 'for', 'the', 'recent', 'purchase']",your recent purchase invoice download your invoice for the recent purchase
63,54,Exclusive VIP Offer,As a VIP customer, enjoy this exclusive offer!,"['exclusive', 'vip', 'offer']","['as', 'a', 'vip', 'customer']",exclusive vip offer as a vip customer
64,55,Team Meeting Agenda,The agenda for tomorrow’s team meeting is attached.,Important,"['team', 'meeting', 'agenda']","['the', 'agenda', 'for', 'tomorrow’s', 'team', 'meeting', 'is', 'attached']",team meeting agenda the agenda for tomorrow’s team meeting is attached
65,56,Special Discounts for Subscribers,Check out these special discounts for our subscribers.,Spam,"['special', 'discounts', 'for', 'subscribers']","['check', 'out', 'these', 'special', 'discounts', 'for', 'our', 'subscribers']",special discounts for subscribers check out these special discounts for our subscribers
66,57,Account Security Alert,We detected a possible security issue with your account.,Important,"['account', 'security', 'alert']","['we', 'detected', 'a', 'possible', 'security', 'issue', 'with', 'your', 'account']",account security alert we detected a possible security issue with your account
67,58,Win a Free Vacation Package,Enter now for a chance to win a free vacation package!,Spam,"['win', 'a', 'free', 'vacation', 'package']","['enter', 'now', 'for', 'a', 'chance', 'to', 'win', 'a', 'free', 'vacation', 'package']",win a free vacation package enter now for a chance to win a free vacation package
68,59,Monthly Account Summary,Your monthly account summary is available.,Important,"['monthly', 'account', 'summary']","['your', 'monthly', 'account', 'summary', 'is', 'available']",monthly account summary your monthly account summary is available
69,60,New Product Launch Announcement,We are excited to announce our new product launch!,Spam,"['new', 'product', 'launch', 'announcement']","['we', 'are', 'excited', 'to', 'announce', 'our', 'new', 'product', 'launch']",new product launch announcement we are excited to announce our new product launch
70,61,Important Update on Your Subscription,We’ve updated the terms of your subscription.,Important,"['important', 'update', 'on', 'your', 'subscription']","['we’ve', 'updated', 'the', 'terms', 'of', 'your', 'subscription']",important update on your subscription we’ve updated the terms of your subscription
71,62,Free Trial Offer,Start your free trial today and experience our premium service.,Spam,"['free', 'trial', 'offer']","['start', 'your', 'free', 'trial', 'today', 'and', 'experience', 'our', 'premium', 'service']",free trial offer start your free trial today and experience our premium service
72,63,Your Recent Support Ticket,Your support ticket has been resolved. Thank you for your patience.,Important,"['your', 'recent', 'support', 'ticket']","['your', 'support', 'ticket', 'has', 'been', 'resolved', 'thank', 'you', 'for', 'your', 'patience']",your recent support ticket your support ticket has been resolved thank you for your patience
73,64,Exclusive Online Sale,Shop our exclusive online sale and save up to 50%!,Spam,"['exclusive', 'online', 'sale']","['shop', 'our', 'exclusive', 'online', 'sale', 'and', 'save', 'up', 'to']",exclusive online sale shop our exclusive online sale and save up to
74,65,Upcoming Project Meeting,Please join the project meeting scheduled for next week.,Important,"['upcoming', 'project', 'meeting']","['please', 'join', 'the', 'project', 'meeting', 'scheduled', 'for', 'next', 'week']",upcoming project meeting please join the project meeting scheduled for next week
75,66,Special Discount for New Users,Get 30% off on your first purchase with us!,Spam,"['special', 'discount', 'for', 'new', 'users']","['get', 'off', 'on', 'your', 'first', 'purchase', 'with', 'us']",special discount for new users get off on your first purchase with us
76,67,Annual Survey Invitation,We invite you to participate in our annual survey.,Important,"['annual', 'survey', 'invitation']","['we', 'invite', 'you', 'to', 'participate', 'in', 'our', 'annual', 'survey']",annual survey invitation we invite you to participate in our annual survey
77,68,Limited Time Promotional Offer,Act now to take advantage of our limited-time promotional offer!,Spam,"['limited', 'time', 'promotional', 'offer']","['act', 'now', 'to', 'take', 'advantage', 'of', 'our', 'limitedtime', 'promotional', 'offer']",limited time promotional offer act now to take advantage of our limitedtime promotional offer
78,69,Client Follow-Up,Following up on our recent client meeting. Please review the attached document.,Important,"['client', 'followup']","['following', 'up', 'on', 'our', 'recent', 'client', 'meeting', 'please', 'review', 'the', 'attached', 'document']",client followup following up on our recent client meeting please review the attached document
79,70,Big Sale on Electronics,Check out our big sale on all electronics this weekend!,Spam,"['big', 'sale', 'on', 'electronics']","['check', 'out', 'our', 'big', 'sale', 'on', 'all', 'electronics', 'this', 'weekend']",big sale on electronics check out our big sale on all electronics this weekend
80,71,Your Account Update,Your account has been updated successfully.,Important,"['your', 'account', 'update']","['your', 'account', 'has', 'been', 'updated', 'successfully']",your account update your account has been updated successfully
81,72,Free Gift with Purchase,Get a free gift with your purchase today!,Spam,"['free', 'gift', 'with', 'purchase']","['get', 'a', 'free', 'gift', 'with', 'your', 'purchase', 'today']",free gift with purchase get a free gift with your purchase today
82,73,Monthly Newsletter Subscription,Thank you for subscribing to our monthly newsletter.,Important,"['monthly', 'newsletter', 'subscription']","['thank', 'you', 'for', 'subscribing', 'to', 'our', 'monthly', 'newsletter']",monthly newsletter subscription thank you for subscribing to our monthly newsletter
83,74,Special Offer: Buy One Get One Free,Take advantage of our buy one, get one free offer!,"['special', 'offer', 'buy', 'one', 'get', 'one', 'free']","['take', 'advantage', 'of', 'our', 'buy', 'one']",special offer buy one get one free take advantage of our buy one
84,75,Job Application Status Update,We have reviewed your application and will contact you soon.,Important,"['job', 'application', 'status', 'update']","['we', 'have', 'reviewed', 'your', 'application', 'and', 'will', 'contact', 'you', 'soon']",job application status update we have reviewed your application and will contact you soon
85,76,Exclusive Offer for Loyal Customers,Enjoy this special offer as a thank you for being a loyal customer!,Spam,"['exclusive', 'offer', 'for', 'loyal', 'customers']","['enjoy', 'this', 'special', 'offer', 'as', 'a', 'thank', 'you', 'for', 'being', 'a', 'loyal', 'customer']",exclusive offer for loyal customers enjoy this special offer as a thank you for being a loyal customer
86,77,Upcoming Webinar on Data Science,Join our upcoming webinar on the latest trends in data science.,Important,"['upcoming', 'webinar', 'on', 'data', 'science']","['join', 'our', 'upcoming', 'webinar', 'on', 'the', 'latest', 'trends', 'in', 'data', 'science']",upcoming webinar on data science join our upcoming webinar on the latest trends in data science
87,78,Win a Free Vacation Package,Enter for a chance to win a free vacation package!,Spam,"['win', 'a', 'free', 'vacation', 'package']","['enter', 'for', 'a', 'chance', 'to', 'win', 'a', 'free', 'vacation', 'package']",win a free vacation package enter for a chance to win a free vacation package
88,79,Reminder: Payment Due Soon,This is a reminder that your payment is due soon.,Important,"['reminder', 'payment', 'due', 'soon']","['this', 'is', 'a', 'reminder', 'that', 'your', 'payment', 'is', 'due', 'soon']",reminder payment due soon this is a reminder that your payment is due soon
89,80,Special Discount on All Items,Get a special discount on all items in our store today!,Spam,"['special', 'discount', 'on', 'all', 'items']","['get', 'a', 'special', 'discount', 'on', 'all', 'items', 'in', 'our', 'store', 'today']",special discount on all items get a special discount on all items in our store today
90,81,Your New Account Information,Here are the details for your new account.,Important,"['your', 'new', 'account', 'information']","['here', 'are', 'the', 'details', 'for', 'your', 'new', 'account']",your new account information here are the details for your new account
91,82,Limited-Time Offer on Software,Purchase our software now and save 25%!,Spam,"['limitedtime', 'offer', 'on', 'software']","['purchase', 'our', 'software', 'now', 'and', 'save']",limitedtime offer on software purchase our software now and save
92,83,Your Recent Purchase Confirmation,Thank you for your recent purchase. Here is the confirmation.,Important,"['your', 'recent', 'purchase', 'confirmation']","['thank', 'you', 'for', 'your', 'recent', 'purchase', 'here', 'is', 'the', 'confirmation']",your recent purchase confirmation thank you for your recent purchase here is the confirmation
93,84,Exclusive Online Event Invitation,You are invited to an exclusive online event next week!,Spam,"['exclusive', 'online', 'event', 'invitation']","['you', 'are', 'invited', 'to', 'an', 'exclusive', 'online', 'event', 'next', 'week']",exclusive online event invitation you are invited to an exclusive online event next week
94,85,Account Security Update,We have updated the security settings for your account.,Important,"['account', 'security', 'update']","['we', 'have', 'updated', 'the', 'security', 'settings', 'for', 'your', 'account']",account security update we have updated the security settings for your account
95,86,Special Promotion on Apparel,Save up to 40% on all apparel items during our special promotion!,Spam,"['special', 'promotion', 'on', 'apparel']","['save', 'up', 'to', 'on', 'all', 'apparel', 'items', 'during', 'our', 'special', 'promotion']",special promotion on apparel save up to on all apparel items during our special promotion
96,87,Client Feedback Request,We would appreciate your feedback on our recent service.,Important,"['client', 'feedback', 'request']","['we', 'would', 'appreciate', 'your', 'feedback', 'on', 'our', 'recent', 'service']",client feedback request we would appreciate your feedback on our recent service
97,88,Flash Sale on Electronics,Don’t miss our flash sale on electronics today only!,Spam,"['flash', 'sale', 'on', 'electronics']","['don’t', 'miss', 'our', 'flash', 'sale', 'on', 'electronics', 'today', 'only']",flash sale on electronics don’t miss our flash sale on electronics today only
98,89,Your Subscription Confirmation,Your subscription has been confirmed. Thank you!,Important,"['your', 'subscription', 'confirmation']","['your', 'subscription', 'has', 'been', 'confirmed', 'thank', 'you']",your subscription confirmation your subscription has been confirmed thank you
99,90,New Product Offer,Discover our new product and enjoy a special introductory offer!,Spam,"['new', 'product', 'offer']","['discover', 'our', 'new', 'product', 'and', 'enjoy', 'a', 'special', 'introductory', 'offer']",new product offer discover our new product and enjoy a special introductory offer
100,91,Project Status Update,Here is the latest update on the project status.,Important,"['project', 'status', 'update']","['here', 'is', 'the', 'latest', 'update', 'on', 'the', 'project', 'status']",project status update here is the latest update on the project status
101,92,Limited-Time Offer on Membership,Join our membership program now and receive a discount!,Spam,"['limitedtime', 'offer', 'on', 'membership']","['join', 'our', 'membership', 'program', 'now', 'and', 'receive', 'a', 'discount']",limitedtime offer on membership join our membership program now and receive a discount
102,93,Your Order is on the Way,Your order is on its way and will arrive soon.,Important,"['your', 'order', 'is', 'on', 'the', 'way']","['your', 'order', 'is', 'on', 'its', 'way', 'and', 'will', 'arrive', 'soon']",your order is on the way your order is on its way and will arrive soon
103,94,Special Discount for Newsletter Subscribers,Check out the special discount just for our newsletter subscribers!,Spam,"['special', 'discount', 'for', 'newsletter', 'subscribers']","['check', 'out', 'the', 'special', 'discount', 'just', 'for', 'our', 'newsletter', 'subscribers']",special discount for newsletter subscribers check out the special discount just for our newsletter subscribers
104,95,Appointment Confirmation,Your appointment has been confirmed for next Tuesday.,Important,"['appointment', 'confirmation']","['your', 'appointment', 'has', 'been', 'confirmed', 'for', 'next', 'tuesday']",appointment confirmation your appointment has been confirmed for next tuesday
105,96,Exclusive Sale Event,Join our exclusive sale event and save up to 60%!,Spam,"['exclusive', 'sale', 'event']","['join', 'our', 'exclusive', 'sale', 'event', 'and', 'save', 'up', 'to']",exclusive sale event join our exclusive sale event and save up to
106,97,Account Activity Alert,We have detected unusual activity on your account.,Important,"['account', 'activity', 'alert']","['we', 'have', 'detected', 'unusual', 'activity', 'on', 'your', 'account']",account activity alert we have detected unusual activity on your account
107,98,Free Sample of New Product,Get a free sample of our new product by signing up today!,Spam,"['free', 'sample', 'of', 'new', 'product']","['get', 'a', 'free', 'sample', 'of', 'our', 'new', 'product', 'by', 'signing', 'up', 'today']",free sample of new product get a free sample of our new product by signing up today
108,99,Monthly Summary Report,Your monthly summary report is now available.,Important,"['monthly', 'summary', 'report']","['your', 'monthly', 'summary', 'report', 'is', 'now', 'available']",monthly summary report your monthly summary report is now available
109,100,Flash Sale Ends Soon,Our flash sale ends soon. Shop now before it’s too late!,Spam,"['flash', 'sale', 'ends', 'soon']","['our', 'flash', 'sale', 'ends', 'soon', 'shop', 'now', 'before', 'it’s', 'too', 'late']",flash sale ends soon our flash sale ends soon shop now before it’s too late
110,101,Your Purchase Confirmation,Thank you for your recent purchase. Here is your confirmation.,Important,"['your', 'purchase', 'confirmation']","['thank', 'you', 'for', 'your', 'recent', 'purchase', 'here', 'is', 'your', 'confirmation']",your purchase confirmation thank you for your recent purchase here is your confirmation
111,102,Exclusive Member Discounts,As a valued member, enjoy these exclusive discounts!,"['exclusive', 'member', 'discounts']","['as', 'a', 'valued', 'member']",exclusive member discounts as a valued member
112,103,Upcoming Workshop Reminder,Reminder: The workshop is scheduled for this Friday.,Important,"['upcoming', 'workshop', 'reminder']","['reminder', 'the', 'workshop', 'is', 'scheduled', 'for', 'this', 'friday']",upcoming workshop reminder reminder the workshop is scheduled for this friday
113,104,Flash Sale Ends Today,Last chance to take advantage of our flash sale!,Spam,"['flash', 'sale', 'ends', 'today']","['last', 'chance', 'to', 'take', 'advantage', 'of', 'our', 'flash', 'sale']",flash sale ends today last chance to take advantage of our flash sale
114,105,New Feature Announcement,We’ve just released a new feature on our platform.,Important,"['new', 'feature', 'announcement']","['we’ve', 'just', 'released', 'a', 'new', 'feature', 'on', 'our', 'platform']",new feature announcement we’ve just released a new feature on our platform
115,106,Special Offer: 20% Off,Get 20% off on your next purchase with this code.,Spam,"['special', 'offer', 'off']","['get', 'off', 'on', 'your', 'next', 'purchase', 'with', 'this', 'code']",special offer off get off on your next purchase with this code
116,107,Job Interview Scheduled,Your job interview has been scheduled for next week.,Important,"['job', 'interview', 'scheduled']","['your', 'job', 'interview', 'has', 'been', 'scheduled', 'for', 'next', 'week']",job interview scheduled your job interview has been scheduled for next week
117,108,Limited Time Only: Free Shipping,Enjoy free shipping on all orders placed today!,Spam,"['limited', 'time', 'only', 'free', 'shipping']","['enjoy', 'free', 'shipping', 'on', 'all', 'orders', 'placed', 'today']",limited time only free shipping enjoy free shipping on all orders placed today
118,109,Monthly Report Ready,The monthly report is ready for your review.,Important,"['monthly', 'report', 'ready']","['the', 'monthly', 'report', 'is', 'ready', 'for', 'your', 'review']",monthly report ready the monthly report is ready for your review
119,110,Exclusive Online Deal,Shop now and save with our exclusive online deal!,Spam,"['exclusive', 'online', 'deal']","['shop', 'now', 'and', 'save', 'with', 'our', 'exclusive', 'online', 'deal']",exclusive online deal shop now and save with our exclusive online deal
120,111,Your Account Has Been Updated,Your account information has been updated successfully.,Important,"['your', 'account', 'has', 'been', 'updated']","['your', 'account', 'information', 'has', 'been', 'updated', 'successfully']",your account has been updated your account information has been updated successfully
121,112,Win a Gift Card,Enter our contest for a chance to win a $50 gift card!,Spam,"['win', 'a', 'gift', 'card']","['enter', 'our', 'contest', 'for', 'a', 'chance', 'to', 'win', 'a', 'gift', 'card']",win a gift card enter our contest for a chance to win a gift card
122,113,Training Session Confirmation,Your registration for the training session is confirmed.,Important,"['training', 'session', 'confirmation']","['your', 'registration', 'for', 'the', 'training', 'session', 'is', 'confirmed']",training session confirmation your registration for the training session is confirmed
123,114,Seasonal Sale Alert,Don’t miss our seasonal sale with up to 50% off!,Spam,"['seasonal', 'sale', 'alert']","['don’t', 'miss', 'our', 'seasonal', 'sale', 'with', 'up', 'to', 'off']",seasonal sale alert don’t miss our seasonal sale with up to off
124,115,Client Meeting Follow-Up,Following up on our client meeting. Please see the attached notes.,Important,"['client', 'meeting', 'followup']","['following', 'up', 'on', 'our', 'client', 'meeting', 'please', 'see', 'the', 'attached', 'notes']",client meeting followup following up on our client meeting please see the attached notes
125,116,Special Promotion: Buy 1 Get 1 Free,Buy one item and get another free for a limited time!,Spam,"['special', 'promotion', 'buy', 'get', 'free']","['buy', 'one', 'item', 'and', 'get', 'another', 'free', 'for', 'a', 'limited', 'time']",special promotion buy get free buy one item and get another free for a limited time
126,117,Your Subscription Renewal Reminder,Your subscription is up for renewal next month.,Important,"['your', 'subscription', 'renewal', 'reminder']","['your', 'subscription', 'is', 'up', 'for', 'renewal', 'next', 'month']",your subscription renewal reminder your subscription is up for renewal next month
127,118,Exclusive Invitation to VIP Event,You’re invited to our exclusive VIP event next week!,Spam,"['exclusive', 'invitation', 'to', 'vip', 'event']","['you’re', 'invited', 'to', 'our', 'exclusive', 'vip', 'event', 'next', 'week']",exclusive invitation to vip event you’re invited to our exclusive vip event next week
128,119,Your Invoice is Available,Your invoice for the recent transaction is available for download.,Important,"['your', 'invoice', 'is', 'available']","['your', 'invoice', 'for', 'the', 'recent', 'transaction', 'is', 'available', 'for', 'download']",your invoice is available your invoice for the recent transaction is available for download
129,120,Limited Time Discount,Get a 15% discount on all purchases made today!,Spam,"['limited', 'time', 'discount']","['get', 'a', 'discount', 'on', 'all', 'purchases', 'made', 'today']",limited time discount get a discount on all purchases made today
130,121,New Product Launch,We are excited to announce the launch of our new product.,Important,"['new', 'product', 'launch']","['we', 'are', 'excited', 'to', 'announce', 'the', 'launch', 'of', 'our', 'new', 'product']",new product launch we are excited to announce the launch of our new product
131,122,Special Offer for Returning Customers,Enjoy a special offer as a thank you for returning to us!,Spam,"['special', 'offer', 'for', 'returning', 'customers']","['enjoy', 'a', 'special', 'offer', 'as', 'a', 'thank', 'you', 'for', 'returning', 'to', 'us']",special offer for returning customers enjoy a special offer as a thank you for returning to us
132,123,Project Update Notification,Here is the latest update on the ongoing project.,Important,"['project', 'update', 'notification']","['here', 'is', 'the', 'latest', 'update', 'on', 'the', 'ongoing', 'project']",project update notification here is the latest update on the ongoing project
133,124,Free Trial Extension,Your free trial has been extended for another 30 days.,Spam,"['free', 'trial', 'extension']","['your', 'free', 'trial', 'has', 'been', 'extended', 'for', 'another', 'days']",free trial extension your free trial has been extended for another days
134,125,Upcoming Event Reminder,Reminder: The upcoming event is scheduled for next Thursday.,Important,"['upcoming', 'event', 'reminder']","['reminder', 'the', 'upcoming', 'event', 'is', 'scheduled', 'for', 'next', 'thursday']",upcoming event reminder reminder the upcoming event is scheduled for next thursday
135,126,Exclusive Discount on Membership,Get a discount on membership if you join this month!,Spam,"['exclusive', 'discount', 'on', 'membership']","['get', 'a', 'discount', 'on', 'membership', 'if', 'you', 'join', 'this', 'month']",exclusive discount on membership get a discount on membership if you join this month
136,127,Your Order Has Shipped,Your order has been shipped and is on its way.,Important,"['your', 'order', 'has', 'shipped']","['your', 'order', 'has', 'been', 'shipped', 'and', 'is', 'on', 'its', 'way']",your order has shipped your order has been shipped and is on its way
137,128,Seasonal Promotion,Enjoy our seasonal promotion with discounts on all items!,Spam,"['seasonal', 'promotion']","['enjoy', 'our', 'seasonal', 'promotion', 'with', 'discounts', 'on', 'all', 'items']",seasonal promotion enjoy our seasonal promotion with discounts on all items
138,129,Feedback Request,Please provide your feedback on our recent service.,Important,"['feedback', 'request']","['please', 'provide', 'your', 'feedback', 'on', 'our', 'recent', 'service']",feedback request please provide your feedback on our recent service
139,130,Special Sale: 40% Off,Take advantage of our special sale with 40% off on select items!,Spam,"['special', 'sale', 'off']","['take', 'advantage', 'of', 'our', 'special', 'sale', 'with', 'off', 'on', 'select', 'items']",special sale off take advantage of our special sale with off on select items
140,131,Your Support Ticket Update,Your support ticket has been updated. Please check the details.,Important,"['your', 'support', 'ticket', 'update']","['your', 'support', 'ticket', 'has', 'been', 'updated', 'please', 'check', 'the', 'details']",your support ticket update your support ticket has been updated please check the details
141,132,Flash Deal Ending Soon,Our flash deal ends soon. Shop now to save big!,Spam,"['flash', 'deal', 'ending', 'soon']","['our', 'flash', 'deal', 'ends', 'soon', 'shop', 'now', 'to', 'save', 'big']",flash deal ending soon our flash deal ends soon shop now to save big
142,133,Monthly Summary Report,The monthly summary report is ready for your review.,Important,"['monthly', 'summary', 'report']","['the', 'monthly', 'summary', 'report', 'is', 'ready', 'for', 'your', 'review']",monthly summary report the monthly summary report is ready for your review
143,134,Limited-Time Offer: Free Gift,Receive a free gift with your purchase today!,Spam,"['limitedtime', 'offer', 'free', 'gift']","['receive', 'a', 'free', 'gift', 'with', 'your', 'purchase', 'today']",limitedtime offer free gift receive a free gift with your purchase today
144,135,Meeting Confirmation,Your meeting has been confirmed for tomorrow at 2 PM.,Important,"['meeting', 'confirmation']","['your', 'meeting', 'has', 'been', 'confirmed', 'for', 'tomorrow', 'at', 'pm']",meeting confirmation your meeting has been confirmed for tomorrow at pm
145,136,Exclusive Deal for Subscribers,Check out this exclusive deal available only for subscribers!,Spam,"['exclusive', 'deal', 'for', 'subscribers']","['check', 'out', 'this', 'exclusive', 'deal', 'available', 'only', 'for', 'subscribers']",exclusive deal for subscribers check out this exclusive deal available only for subscribers
146,137,Your Payment Confirmation,Your recent payment has been successfully processed.,Important,"['your', 'payment', 'confirmation']","['your', 'recent', 'payment', 'has', 'been', 'successfully', 'processed']",your payment confirmation your recent payment has been successfully processed
147,138,Special Promotion: 30% Off,Enjoy a 30% discount on your next purchase with this promo code.,Spam,"['special', 'promotion', 'off']","['enjoy', 'a', 'discount', 'on', 'your', 'next', 'purchase', 'with', 'this', 'promo', 'code']",special promotion off enjoy a discount on your next purchase with this promo code
148,139,Job Application Update,We have received your job application and will review it soon.,Important,"['job', 'application', 'update']","['we', 'have', 'received', 'your', 'job', 'application', 'and', 'will', 'review', 'it', 'soon']",job application update we have received your job application and will review it soon
149,140,Free Sample Available,Claim your free sample by signing up on our website.,Spam,"['free', 'sample', 'available']","['claim', 'your', 'free', 'sample', 'by', 'signing', 'up', 'on', 'our', 'website']",free sample available claim your free sample by signing up on our website
150,141,Client Feedback Needed,Please provide feedback on the recent client project.,Important,"['client', 'feedback', 'needed']","['please', 'provide', 'feedback', 'on', 'the', 'recent', 'client', 'project']",client feedback needed please provide feedback on the recent client project
151,142,Limited-Time Flash Sale,Don’t miss our limited-time flash sale with discounts on all items!,Spam,"['limitedtime', 'flash', 'sale']","['don’t', 'miss', 'our', 'limitedtime', 'flash', 'sale', 'with', 'discounts', 'on', 'all', 'items']",limitedtime flash sale don’t miss our limitedtime flash sale with discounts on all items
152,143,Your Account Activity Alert,We noticed unusual activity on your account. Please review.,Important,"['your', 'account', 'activity', 'alert']","['we', 'noticed', 'unusual', 'activity', 'on', 'your', 'account', 'please', 'review']",your account activity alert we noticed unusual activity on your account please review
153,144,Special Offer on New Arrivals,Get a discount on our new arrivals for a limited time!,Spam,"['special', 'offer', 'on', 'new', 'arrivals']","['get', 'a', 'discount', 'on', 'our', 'new', 'arrivals', 'for', 'a', 'limited', 'time']",special offer on new arrivals get a discount on our new arrivals for a limited time
154,145,Upcoming Workshop Details,Here are the details for the upcoming workshop.,Important,"['upcoming', 'workshop', 'details']","['here', 'are', 'the', 'details', 'for', 'the', 'upcoming', 'workshop']",upcoming workshop details here are the details for the upcoming workshop
155,146,Exclusive Discount for Members,Enjoy an exclusive discount available only for members!,Spam,"['exclusive', 'discount', 'for', 'members']","['enjoy', 'an', 'exclusive', 'discount', 'available', 'only', 'for', 'members']",exclusive discount for members enjoy an exclusive discount available only for members
156,147,Order Confirmation,Thank you for your order. Your confirmation is attached.,Important,"['order', 'confirmation']","['thank', 'you', 'for', 'your', 'order', 'your', 'confirmation', 'is', 'attached']",order confirmation thank you for your order your confirmation is attached
157,148,Seasonal Sale Announcement,Our seasonal sale starts today with up to 50% off!,Spam,"['seasonal', 'sale', 'announcement']","['our', 'seasonal', 'sale', 'starts', 'today', 'with', 'up', 'to', 'off']",seasonal sale announcement our seasonal sale starts today with up to off
158,149,Feedback Survey Invitation,We invite you to take part in our feedback survey.,Important,"['feedback', 'survey', 'invitation']","['we', 'invite', 'you', 'to', 'take', 'part', 'in', 'our', 'feedback', 'survey']",feedback survey invitation we invite you to take part in our feedback survey
159,150,Flash Sale Today,Shop our flash sale today and save up to 60%!,Spam,"['flash', 'sale', 'today']","['shop', 'our', 'flash', 'sale', 'today', 'and', 'save', 'up', 'to']",flash sale today shop our flash sale today and save up to
160,151,Your Subscription Status,Your subscription status has been updated.,Important,"['your', 'subscription', 'status']","['your', 'subscription', 'status', 'has', 'been', 'updated']",your subscription status your subscription status has been updated
161,152,Special Offer for New Customers,New customers receive a special offer on their first purchase!,Spam,"['special', 'offer', 'for', 'new', 'customers']","['new', 'customers', 'receive', 'a', 'special', 'offer', 'on', 'their', 'first', 'purchase']",special offer for new customers new customers receive a special offer on their first purchase
162,153,Project Deadline Reminder,Reminder: The project deadline is approaching.,Important,"['project', 'deadline', 'reminder']","['reminder', 'the', 'project', 'deadline', 'is', 'approaching']",project deadline reminder reminder the project deadline is approaching
163,154,Limited-Time Discount Code,Use this discount code for a limited-time offer.,Spam,"['limitedtime', 'discount', 'code']","['use', 'this', 'discount', 'code', 'for', 'a', 'limitedtime', 'offer']",limitedtime discount code use this discount code for a limitedtime offer
164,155,Upcoming Event Confirmation,Your registration for the upcoming event is confirmed.,Important,"['upcoming', 'event', 'confirmation']","['your', 'registration', 'for', 'the', 'upcoming', 'event', 'is', 'confirmed']",upcoming event confirmation your registration for the upcoming event is confirmed
165,156,Exclusive Online Discount,Enjoy an exclusive discount available only online!,Spam,"['exclusive', 'online', 'discount']","['enjoy', 'an', 'exclusive', 'discount', 'available', 'only', 'online']",exclusive online discount enjoy an exclusive discount available only online
166,157,Your Invoice Update,Your invoice has been updated. Please review the changes.,Important,"['your', 'invoice', 'update']","['your', 'invoice', 'has', 'been', 'updated', 'please', 'review', 'the', 'changes']",your invoice update your invoice has been updated please review the changes
167,158,Special Sale on Electronics,Save on electronics during our special sale event!,Spam,"['special', 'sale', 'on', 'electronics']","['save', 'on', 'electronics', 'during', 'our', 'special', 'sale', 'event']",special sale on electronics save on electronics during our special sale event
168,159,Client Meeting Reminder,Reminder: You have a client meeting scheduled for tomorrow.,Important,"['client', 'meeting', 'reminder']","['reminder', 'you', 'have', 'a', 'client', 'meeting', 'scheduled', 'for', 'tomorrow']",client meeting reminder reminder you have a client meeting scheduled for tomorrow
169,160,Seasonal Promotion Announcement,Our seasonal promotion is here with great discounts!,Spam,"['seasonal', 'promotion', 'announcement']","['our', 'seasonal', 'promotion', 'is', 'here', 'with', 'great', 'discounts']",seasonal promotion announcement our seasonal promotion is here with great discounts
170,161,Your Recent Order Confirmation,Here is the confirmation for your recent order.,Important,"['your', 'recent', 'order', 'confirmation']","['here', 'is', 'the', 'confirmation', 'for', 'your', 'recent', 'order']",your recent order confirmation here is the confirmation for your recent order
171,162,Free Gift with Subscription,Subscribe now and receive a free gift!,Spam,"['free', 'gift', 'with', 'subscription']","['subscribe', 'now', 'and', 'receive', 'a', 'free', 'gift']",free gift with subscription subscribe now and receive a free gift
172,163,Job Interview Confirmation,Your job interview has been confirmed for next week.,Important,"['job', 'interview', 'confirmation']","['your', 'job', 'interview', 'has', 'been', 'confirmed', 'for', 'next', 'week']",job interview confirmation your job interview has been confirmed for next week
173,164,Exclusive Offer for Returning Customers,Returning customers get an exclusive offer just for you!,Spam,"['exclusive', 'offer', 'for', 'returning', 'customers']","['returning', 'customers', 'get', 'an', 'exclusive', 'offer', 'just', 'for', 'you']",exclusive offer for returning customers returning customers get an exclusive offer just for you
174,165,Monthly Performance Review,Your monthly performance review is now available.,Important,"['monthly', 'performance', 'review']","['your', 'monthly', 'performance', 'review', 'is', 'now', 'available']",monthly performance review your monthly performance review is now available
175,166,Limited-Time Flash Deal,Our flash deal ends soon. Don’t miss out!,Spam,"['limitedtime', 'flash', 'deal']","['our', 'flash', 'deal', 'ends', 'soon', 'don’t', 'miss', 'out']",limitedtime flash deal our flash deal ends soon don’t miss out
176,167,New Product Offer,Check out our new product and enjoy a special offer!,Important,"['new', 'product', 'offer']","['check', 'out', 'our', 'new', 'product', 'and', 'enjoy', 'a', 'special', 'offer']",new product offer check out our new product and enjoy a special offer
177,168,Special Discount for Subscribers,Subscribers receive a special discount on all orders!,Spam,"['special', 'discount', 'for', 'subscribers']","['subscribers', 'receive', 'a', 'special', 'discount', 'on', 'all', 'orders']",special discount for subscribers subscribers receive a special discount on all orders
178,169,Your Order Status,Your order status has been updated. Check your account for details.,Important,"['your', 'order', 'status']","['your', 'order', 'status', 'has', 'been', 'updated', 'check', 'your', 'account', 'for', 'details']",your order status your order status has been updated check your account for details
179,170,Seasonal Sale Alert,Our seasonal sale is live with huge discounts!,Spam,"['seasonal', 'sale', 'alert']","['our', 'seasonal', 'sale', 'is', 'live', 'with', 'huge', 'discounts']",seasonal sale alert our seasonal sale is live with huge discounts
180,171,Client Feedback Request,We need your feedback on our recent client project.,Important,"['client', 'feedback', 'request']","['we', 'need', 'your', 'feedback', 'on', 'our', 'recent', 'client', 'project']",client feedback request we need your feedback on our recent client project
181,172,Flash Sale Ending Soon,Our flash sale is ending soon. Shop now to save!,Spam,"['flash', 'sale', 'ending', 'soon']","['our', 'flash', 'sale', 'is', 'ending', 'soon', 'shop', 'now', 'to', 'save']",flash sale ending soon our flash sale is ending soon shop now to save
182,173,Subscription Renewal Reminder,Reminder: Your subscription will renew next month.,Important,"['subscription', 'renewal', 'reminder']","['reminder', 'your', 'subscription', 'will', 'renew', 'next', 'month']",subscription renewal reminder reminder your subscription will renew next month
183,174,Exclusive VIP Sale,Join our exclusive VIP sale event and save big!,Spam,"['exclusive', 'vip', 'sale']","['join', 'our', 'exclusive', 'vip', 'sale', 'event', 'and', 'save', 'big']",exclusive vip sale join our exclusive vip sale event and save big
184,175,Your Purchase Receipt,Here is the receipt for your recent purchase.,Important,"['your', 'purchase', 'receipt']","['here', 'is', 'the', 'receipt', 'for', 'your', 'recent', 'purchase']",your purchase receipt here is the receipt for your recent purchase
185,176,Special Offer: Buy 2 Get 1 Free,Buy two items and get one free for a limited time!,Spam,"['special', 'offer', 'buy', 'get', 'free']","['buy', 'two', 'items', 'and', 'get', 'one', 'free', 'for', 'a', 'limited', 'time']",special offer buy get free buy two items and get one free for a limited time
186,177,Upcoming Workshop Reminder,Reminder: The workshop is happening this Saturday.,Important,"['upcoming', 'workshop', 'reminder']","['reminder', 'the', 'workshop', 'is', 'happening', 'this', 'saturday']",upcoming workshop reminder reminder the workshop is happening this saturday
187,178,Limited-Time Online Offer,Take advantage of our limited-time online offer!,Spam,"['limitedtime', 'online', 'offer']","['take', 'advantage', 'of', 'our', 'limitedtime', 'online', 'offer']",limitedtime online offer take advantage of our limitedtime online offer
188,179,Monthly Account Update,Your monthly account update is ready for review.,Important,"['monthly', 'account', 'update']","['your', 'monthly', 'account', 'update', 'is', 'ready', 'for', 'review']",monthly account update your monthly account update is ready for review
189,180,Special Promotion for Subscribers,Subscribers get an exclusive promotion on all orders!,Spam,"['special', 'promotion', 'for', 'subscribers']","['subscribers', 'get', 'an', 'exclusive', 'promotion', 'on', 'all', 'orders']",special promotion for subscribers subscribers get an exclusive promotion on all orders
190,181,Your Invoice is Ready,Your invoice is available for download.,Important,"['your', 'invoice', 'is', 'ready']","['your', 'invoice', 'is', 'available', 'for', 'download']",your invoice is ready your invoice is available for download
191,182,Exclusive Online Event,You’re invited to our exclusive online event next week!,Spam,"['exclusive', 'online', 'event']","['you’re', 'invited', 'to', 'our', 'exclusive', 'online', 'event', 'next', 'week']",exclusive online event you’re invited to our exclusive online event next week
192,183,Client Meeting Follow-Up,Following up on our recent client meeting. Please review.,Important,"['client', 'meeting', 'followup']","['following', 'up', 'on', 'our', 'recent', 'client', 'meeting', 'please', 'review']",client meeting followup following up on our recent client meeting please review
193,184,Special Discount for Members,Members get a special discount on their next purchase!,Spam,"['special', 'discount', 'for', 'members']","['members', 'get', 'a', 'special', 'discount', 'on', 'their', 'next', 'purchase']",special discount for members members get a special discount on their next purchase
194,185,Order Confirmation,Your order has been confirmed. Thank you for shopping with us.,Important,"['order', 'confirmation']","['your', 'order', 'has', 'been', 'confirmed', 'thank', 'you', 'for', 'shopping', 'with', 'us']",order confirmation your order has been confirmed thank you for shopping with us
195,186,Seasonal Sale Notification,Our seasonal sale starts now with great discounts!,Spam,"['seasonal', 'sale', 'notification']","['our', 'seasonal', 'sale', 'starts', 'now', 'with', 'great', 'discounts']",seasonal sale notification our seasonal sale starts now with great discounts
196,187,Feedback Request,We value your feedback on our recent service.,Important,"['feedback', 'request']","['we', 'value', 'your', 'feedback', 'on', 'our', 'recent', 'service']",feedback request we value your feedback on our recent service
197,188,Flash Sale Today,Shop our flash sale today and get up to 70% off!,Spam,"['flash', 'sale', 'today']","['shop', 'our', 'flash', 'sale', 'today', 'and', 'get', 'up', 'to', 'off']",flash sale today shop our flash sale today and get up to off
198,189,Your Subscription Status Update,Your subscription status has been updated.,Important,"['your', 'subscription', 'status', 'update']","['your', 'subscription', 'status', 'has', 'been', 'updated']",your subscription status update your subscription status has been updated
199,190,Exclusive Offer for New Subscribers,New subscribers receive an exclusive offer on their first order!,Spam,"['exclusive', 'offer', 'for', 'new', 'subscribers']","['new', 'subscribers', 'receive', 'an', 'exclusive', 'offer', 'on', 'their', 'first', 'order']",exclusive offer for new subscribers new subscribers receive an exclusive offer on their first order
200,191,Job Application Status,We have reviewed your application and will contact you soon.,Important,"['job', 'application', 'status']","['we', 'have', 'reviewed', 'your', 'application', 'and', 'will', 'contact', 'you', 'soon']",job application status we have reviewed your application and will contact you soon
201,192,Free Sample Offer,Get a free sample by signing up on our website.,Spam,"['free', 'sample', 'offer']","['get', 'a', 'free', 'sample', 'by', 'signing', 'up', 'on', 'our', 'website']",free sample offer get a free sample by signing up on our website
202,193,Client Feedback Needed,Please provide your feedback on our recent service.,Important,"['client', 'feedback', 'needed']","['please', 'provide', 'your', 'feedback', 'on', 'our', 'recent', 'service']",client feedback needed please provide your feedback on our recent service
203,194,Limited-Time Flash Sale,Don’t miss out on our limited-time flash sale!,Spam,"['limitedtime', 'flash', 'sale']","['don’t', 'miss', 'out', 'on', 'our', 'limitedtime', 'flash', 'sale']",limitedtime flash sale don’t miss out on our limitedtime flash sale
204,195,Your Account Activity Report,Your account activity report is available for review.,Important,"['your', 'account', 'activity', 'report']","['your', 'account', 'activity', 'report', 'is', 'available', 'for', 'review']",your account activity report your account activity report is available for review
205,196,Special Discount on New Products,Get a discount on our new products for a limited time!,Spam,"['special', 'discount', 'on', 'new', 'products']","['get', 'a', 'discount', 'on', 'our', 'new', 'products', 'for', 'a', 'limited', 'time']",special discount on new products get a discount on our new products for a limited time
206,197,Upcoming Workshop Details,Details for the upcoming workshop are now available.,Important,"['upcoming', 'workshop', 'details']","['details', 'for', 'the', 'upcoming', 'workshop', 'are', 'now', 'available']",upcoming workshop details details for the upcoming workshop are now available
207,198,Exclusive Member Sale,Enjoy an exclusive sale available only to members!,Spam,"['exclusive', 'member', 'sale']","['enjoy', 'an', 'exclusive', 'sale', 'available', 'only', 'to', 'members']",exclusive member sale enjoy an exclusive sale available only to members
208,199,Order Confirmation,Your order confirmation is attached. Thank you!,Important,"['order', 'confirmation']","['your', 'order', 'confirmation', 'is', 'attached', 'thank', 'you']",order confirmation your order confirmation is attached thank you
209,200,Seasonal Sale Announcement,Our seasonal sale starts today with up to 50% off!,Spam,"['seasonal', 'sale', 'announcement']","['our', 'seasonal', 'sale', 'starts', 'today', 'with', 'up', 'to', 'off']",seasonal sale announcement our seasonal sale starts today with up to off
